RESNR,RESTYPE,RESCHAIN,RESNR_LIG,RESTYPE_LIG,RESCHAIN_LIG,DIST,LIGCARBONIDX,PROTCARBONIDX,LIGCOO,PROTCOO,PROT_IDX_LIST,CENTDIST,ANGLE,OFFSET,TYPE,LIG_IDX_LIST,BOND
141,LEU,A,1,UNL,d,3.89,7570,713,"(47.234, -21.457, -3.616)","(50.387, -20.198, -1.725)",,,,,,,HYDROPHOBIC
335,ALA,A,1,UNL,d,3.28,7569,2183,"(46.431, -20.282, -6.551)","(44.158, -18.233, -5.367)",,,,,,,HYDROPHOBIC
338,VAL,A,1,UNL,d,3.84,7570,2203,"(47.234, -21.457, -3.616)","(46.071, -20.374, -0.122)",,,,,,,HYDROPHOBIC
816,ILE,A,1,UNL,d,3.71,7577,5828,"(50.214, -13.661, -0.39)","(53.671, -13.735, -1.73)",,,,,,,HYDROPHOBIC
339,ALA,A,1,UNL,d,3.91,7572,2210,"(49.792, -14.916, -0.871)","(45.886, -14.963, -0.732)",,,,,,,HYDROPHOBIC
795,GLU,A,1,UNL,d,3.80,7577,5665,"(50.214, -13.661, -0.39)","(50.782, -9.92, -0.742)",,,,,,,HYDROPHOBIC
799,TYR,A,1,UNL,d,,,,"(47.75300000000001, -16.985000000000003, -5.113499999999999)","(44.71583333333334, -14.537, -7.822166666666668)","5697,5698,5699,5700,5701,5702",4.75,78.81,1.49,T,"7558,7560,7561,7563,7564,7565",PISTACKING
