RESNR,RESTYPE,RESCHAIN,RESNR_LIG,RESTYPE_LIG,RESCHAIN_LIG,DIST,LIGCARBONIDX,PROTCARBONIDX,LIGCOO,PROTCOO,PROT_IDX_LIST,CENTDIST,ANGLE,OFFSET,TYPE,LIG_IDX_LIST,BOND
338,VAL,A,1,UNL,d,3.97,7560,2204,"(49.128, -17.661, -2.229)","(47.558, -20.447, 0.119)",,,,,,,HYDROPHOBIC
795,GLU,A,1,UNL,d,3.41,7570,5665,"(50.186, -12.751, 1.062)","(50.782, -9.92, -0.742)",,,,,,,HYDROPHOBIC
798,PRO,A,1,UNL,d,3.79,7574,5689,"(49.043, -11.297, -6.742)","(48.439, -7.577, -7.161)",,,,,,,HYDROPHOBIC
141,LEU,A,1,UNL,d,2.88,7560,713,"(49.128, -17.661, -2.229)","(50.387, -20.198, -1.725)",,,,,,,HYDROPHOBIC
799,TYR,A,1,UNL,d,3.31,7574,5696,"(49.043, -11.297, -6.742)","(45.817, -12.034, -6.846)",,,,,,,HYDROPHOBIC
809,LEU,A,1,UNL,d,2.60,7576,5780,"(49.049, -12.812, -8.629)","(49.267, -11.99, -11.088)",,,,,,,HYDROPHOBIC
816,ILE,A,1,UNL,d,3.39,7573,5829,"(49.257, -12.373, -5.875)","(51.881, -12.266, -3.73)",,,,,,,HYDROPHOBIC
799,TYR,A,1,UNL,d,,,,"(49.15383333333333, -12.594666666666663, -7.2515)","(44.71583333333334, -14.537, -7.822166666666668)","5697,5698,5699,5700,5701,5702",4.88,74.59,1.71,T,"7572,7573,7574,7575,7576,7577",PISTACKING
